{
  "generations": [
    0,
    1,
    2,
    3,
    4,
    5,
    6,
    7,
    8,
    9
  ],
  "best_objectives": [
    [
      -0.6447007328340483,
      227178497.38512677,
      675.073241999232
    ],
    [
      -0.6469907487459544,
      217200000.0,
      673.8410856289702
    ],
    [
      -0.6469907487459544,
      217200000.0,
      663.9935064935065
    ],
    [
      -0.6488931722409557,
      217200000.0,
      663.9935064935065
    ],
    [
      -0.6488931722409557,
      217200000.0,
      663.9935064935065
    ],
    [
      -0.6488931722409557,
      217200000.0,
      663.9935064935065
    ],
    [
      -0.6488931722409557,
      217200000.0,
      663.9935064935065
    ],
    [
      -0.6488931722409557,
      217200000.0,
      663.9935064935065
    ],
    [
      -0.6488931722409557,
      217200000.0,
      663.9935064935065
    ],
    [
      -0.6488931722409557,
      217200000.0,
      663.9935064935065
    ]
  ],
  "population_diversity": [
    48924373.44028412,
    57929807.4238642,
    70237777.687075,
    66828899.32871409,
    62966964.62154154,
    74648949.71791066,
    56899921.81368287,
    82923129.04684624,
    66588408.78961305,
    65249856.91898354
  ],
  "evaluation_times": [
    3.218650817871094e-05,
    2.09808349609375e-05,
    2.002716064453125e-05,
    1.8835067749023438e-05,
    1.8835067749023438e-05,
    1.9788742065429688e-05,
    1.9073486328125e-05,
    2.002716064453125e-05,
    1.9073486328125e-05,
    2.002716064453125e-05,
    1.8835067749023438e-05,
    1.9788742065429688e-05,
    1.8835067749023438e-05,
    1.8835067749023438e-05,
    2.193450927734375e-05,
    1.7881393432617188e-05,
    4.1961669921875e-05,
    2.002716064453125e-05,
    4.00543212890625e-05,
    3.4809112548828125e-05,
    2.6941299438476562e-05,
    2.5272369384765625e-05,
    2.288818359375e-05,
    2.2172927856445312e-05,
    2.09808349609375e-05,
    2.193450927734375e-05,
    2.09808349609375e-05,
    2.3126602172851562e-05,
    2.09808349609375e-05,
    2.3126602172851562e-05,
    2.193450927734375e-05,
    2.6226043701171875e-05,
    2.1219253540039062e-05,
    2.193450927734375e-05,
    2.193450927734375e-05,
    2.288818359375e-05,
    0.0007140636444091797,
    2.7179718017578125e-05,
    0.0007650852203369141,
    2.8848648071289062e-05,
    2.3126602172851562e-05,
    2.193450927734375e-05,
    2.288818359375e-05,
    2.3126602172851562e-05,
    2.288818359375e-05,
    2.09808349609375e-05,
    2.3126602172851562e-05,
    2.1219253540039062e-05,
    2.288818359375e-05,
    2.09808349609375e-05,
    2.5033950805664062e-05,
    0.0001289844512939453,
    3.790855407714844e-05,
    2.09808349609375e-05,
    2.09808349609375e-05,
    2.193450927734375e-05,
    1.9788742065429688e-05,
    2.09808349609375e-05,
    3.886222839355469e-05,
    3.314018249511719e-05,
    2.2172927856445312e-05,
    2.9802322387695312e-05,
    2.3126602172851562e-05,
    2.002716064453125e-05,
    0.00023174285888671875,
    6.508827209472656e-05,
    2.5033950805664062e-05,
    2.002716064453125e-05,
    3.504753112792969e-05,
    2.47955322265625e-05,
    5.698204040527344e-05,
    2.09808349609375e-05,
    2.002716064453125e-05,
    3.814697265625e-05,
    2.193450927734375e-05,
    7.891654968261719e-05,
    2.9325485229492188e-05,
    2.4080276489257812e-05,
    1.8835067749023438e-05,
    4.506111145019531e-05,
    2.7894973754882812e-05,
    2.193450927734375e-05,
    2.2649765014648438e-05,
    2.193450927734375e-05,
    1.8835067749023438e-05,
    8.797645568847656e-05,
    6.389617919921875e-05,
    2.002716064453125e-05,
    1.811981201171875e-05,
    1.9073486328125e-05,
    1.8835067749023438e-05,
    2.002716064453125e-05,
    2.1219253540039062e-05,
    2.002716064453125e-05,
    2.193450927734375e-05,
    3.0994415283203125e-05,
    2.5033950805664062e-05,
    2.002716064453125e-05,
    0.00029778480529785156,
    2.9802322387695312e-05,
    2.193450927734375e-05,
    1.8835067749023438e-05,
    5.6743621826171875e-05,
    4.506111145019531e-05,
    2.4080276489257812e-05,
    2.2172927856445312e-05,
    2.288818359375e-05,
    2.09808349609375e-05,
    2.002716064453125e-05,
    2.193450927734375e-05,
    3.0040740966796875e-05,
    2.2649765014648438e-05,
    2.4080276489257812e-05,
    2.3126602172851562e-05,
    2.193450927734375e-05,
    2.09808349609375e-05,
    2.193450927734375e-05,
    2.3126602172851562e-05,
    2.09808349609375e-05,
    2.193450927734375e-05,
    2.002716064453125e-05,
    2.193450927734375e-05,
    2.002716064453125e-05,
    2.193450927734375e-05,
    1.9788742065429688e-05,
    3.409385681152344e-05,
    2.4080276489257812e-05,
    2.193450927734375e-05,
    2.2172927856445312e-05,
    2.2649765014648438e-05,
    2.193450927734375e-05,
    2.193450927734375e-05,
    2.193450927734375e-05,
    2.193450927734375e-05,
    2.193450927734375e-05,
    2.3126602172851562e-05,
    2.193450927734375e-05,
    2.193450927734375e-05,
    2.3126602172851562e-05,
    2.09808349609375e-05,
    3.1948089599609375e-05,
    2.288818359375e-05,
    2.193450927734375e-05,
    1.9788742065429688e-05,
    2.09808349609375e-05,
    2.09808349609375e-05,
    1.9788742065429688e-05,
    2.09808349609375e-05,
    2.09808349609375e-05,
    2.002716064453125e-05,
    2.09808349609375e-05,
    2.09808349609375e-05,
    2.193450927734375e-05,
    2.288818359375e-05,
    2.09808349609375e-05
  ]
}