solution_id,annual_energy_MWh,lcoe_USD_per_MWh,flux_uniformity,fitness
1,5299.1571224999425,7.984849786875398,0.6776455468164666,5307.819617833634
2,5291.11879510746,7.084295029689814,0.6759850710918678,5298.879075208241
3,5445.4630590842235,7.15574866026777,0.5977966224920241,5453.216604366983
4,5578.021292749619,7.872145440145472,0.6299276064996577,5586.5233657962635
5,5310.19164154383,7.120115334125042,0.6105768081981608,5317.922333686153
6,5251.444874761137,6.733286791997386,0.6588585297835986,5258.837020082918
7,5434.784617610661,8.186072328453236,0.6592426152986123,5443.629932554413
8,5582.729349308866,7.832214215392238,0.6269191485764445,5591.188482672835
